"Set","lf","rth","mas","mp","bll","lp","ldp","psc","qcf","cuesim","dprom","cueweighting","ndistr","Publication","Lang","Method","Measure","WM","Cue","IntType","DistrPos","DepType","VerbType","Prominence2","Fit","Fit_Match","Fit_Mismatch","R"
1,0.1,-1.5,1.5,0.25,0.5,0.7,1.3,0,0,-1,0,1,1,"BadeckerEtAl02E5","EN","SPR","RT",NA,"gend","pro","gen","refl",NA,"other",10.1716,10.1716,NA,1
1,0.1,-1.5,1.5,0.25,0.5,0.7,1.3,0,0,-1,0,1,1,"BadeckerEtAl02E6","EN","SPR","RT",NA,"gend","pro","prepobj","refl",NA,"other",6.4076,12.8152,NA,1
1,0.1,-1.5,1.5,0.25,0.5,0.7,1.3,0,0,-1,0,1,1,"FelserEtAl09noccom","EN","ET","FPRT",NA,"gend","pro","subj_topic","refl",NA,"subj_AND_topic",9.027,9.027,NA,1
1,0.1,-1.5,1.5,0.25,0.5,1.3,0.7,0,0,-1,0,1,1,"DillonEtAl13E1refl","EN","ET","FPRT",NA,"num","retro","obj","refl",NA,"other",11.2138,20.5588,24.2964,-1
1,0.1,-1.5,1.5,0.25,0.5,1.3,0.7,0,0,-1,0,1,1,"Sturt03E2","EN","ET","FPRT",NA,"gend","retro","obj_topic","refl",NA,"subj_OR_topic",11.17055,3.036,38.6102,-1
1,0.1,-1.5,1.5,0.25,0.5,0.7,1.3,0,0,-1,0,1,1,"CunningsEtAl13E1LO","EN","ET","FPRT","LO","gend","pro","subj_topic","refl",NA,"subj_AND_topic",5.7536,16.81,3.1022,-1
1,0.1,-1.5,1.5,0.25,0.5,0.7,1.3,0,0,-1,0,1,1,"CunningsEtAl13E1HI","EN","ET","FPRT","HI","gend","pro","subj_topic","refl",NA,"subj_AND_topic",5.15015,14.2866,3.157,1
1,0.1,-1.5,1.5,0.25,0.5,0.7,1.3,0,0,-1,0,1,1,"CunningsEtAl14E1","EN","ET","FPRT",NA,"gend","pro","subj_topic","refl",NA,"subj_AND_topic",13.73585,13.0484,41.895,-1
1,0.1,-1.5,1.5,0.25,0.5,1.3,0.7,0,0,-1.01,0,1,1,"JaegerEtAl15E1","CN","ET","FPRT",NA,"anim","retro","subj","refl",NA,"subj_OR_topic",15.0272,12.934,23.5874,-1
1,0.1,-1.5,1.5,0.25,0.5,1.3,0.7,0,0,-1,0,1,1,"CunningsEtAl13E2LO","EN","ET","FPRT","LO","gend","retro","subj_topic","refl",NA,"subj_AND_topic",27.60775,62.3816,48.0494,-1
1,0.1,-1.5,1.5,0.25,0.5,1.3,0.7,0,0,-1,0,1,1,"CunningsEtAl13E2HI","EN","ET","FPRT","HI","gend","retro","subj_topic","refl",NA,"subj_AND_topic",10.52215,14.873,27.2156,-1
1,0.1,-1.5,1.5,0.25,0.5,0.7,1.3,0,0,-1,0,1,1,"Sturt03E1","EN","ET","FPRT",NA,"gend","pro","subj_topic","refl",NA,"subj_AND_topic",5.0711,16.7928,1.7458,1
4,0.25,-1.5,1.5,0.25,0.5,0.7,1.3,0,0,-1,0,1,1,"BadeckerEtAl02E3","EN","SPR","RT",NA,"gend","pro","subj","refl",NA,"subj_OR_topic",11.6078,11.6078,NA,1
1,0.1,-1.5,1.5,0.25,0.5,0.7,1.3,0,0,-1,0,1,1,"FelserEtAl09inaccMism","EN","ET","FPRT",NA,"ccom","pro","subj_topic","refl",NA,"subj_AND_topic",7.936,7.936,NA,1
1,0.1,-1.5,1.5,0.25,0.5,0.7,1.3,0,0,-1,0,1,3,"JaegerEtAl15E2","CN","ET","FPRT",NA,"anim","pro","memory_3x","refl",NA,"other",13.408,13.408,NA,1
1,0.1,-1.5,1.5,0.25,0.5,1.3,0.7,0,0,-1,0,1,1,"PatilEtAl2016","EN","ET","FPRT",NA,"gend","retro","subj","refl",NA,"subj_OR_topic",15.18535,27.0288,33.7126,-1
1,0.1,-1.5,1.5,0.25,0.5,1.3,0.7,0,0,-1,0,1,1,"ChenEtAl12local","CN","SPR","RT",NA,"anim","retro","subj","refl",NA,"subj_OR_topic",10.214,10.214,NA,1
4,0.25,-1.5,1.5,0.25,0.5,0.7,1.3,0,0,-1,0,1,1,"BadeckerEtAl02E4","EN","SPR","RT",NA,"num","pro","subj","reci",NA,"subj_OR_topic",17.3048,17.3048,NA,1
1,0.1,-1.5,1.5,0.25,0.5,1.3,0.7,0,0,-1.01,0,1,1,"KushEtAl14","HI","SPR","RT",NA,"num","retro","prepobj","reci",NA,"other",20.87245,13.7706,34.8596,-1
4,0.25,-1.5,1.5,0.25,0.5,0.7,1.3,0,0,-1,0,1,1,"FranckEtAl15E1Compl","FR","SPR","RT",NA,"num","pro","obj","agreement","sing","other",19.6958,19.6958,NA,1
1,0.1,-1.5,1.5,0.25,0.5,1.3,0.7,0,0,-1,0,1,1,"DillonEtAl13E1agrmt","EN","ET","FPRT",NA,"num","retro","obj","agreement","sing","other",9.3563,1.5338,17.1788,1
1,0.1,-1.5,1.5,0.25,0.5,0.7,1.3,0,0,-1,0,1,1,"LagoEtAl15E1","SP","SPR","RT",NA,"num","pro","subj","agreement","sing","subj_OR_topic",20.9119,7.9036,33.9202,1
1,0.1,-1.5,1.5,0.25,0.5,0.7,1.3,0,0,-1,0,1,1,"LagoEtAl15E2","EN","SPR","RT",NA,"num","pro","subj","agreement","sing","subj_OR_topic",20.02655,19.9686,30.0688,1
1,0.1,-1.5,1.5,0.25,0.5,0.7,1.3,0,0,-1,0,1,1,"LagoEtAl15E3b","SP","SPR","RT",NA,"num","pro","subj","agreement","sing","subj_OR_topic",14.2936,24.3296,16.4224,1
1,0.1,-1.5,1.5,0.25,0.5,0.7,1.3,0,0,-1,0,1,1,"WagersEtAl09E2","EN","SPR","RT",NA,"num","pro","subj","agreement","sing","subj_OR_topic",29.1264,6.198,52.0548,1
1,0.1,-1.5,1.5,0.25,0.5,0.7,1.3,0,0,-1,0,1,1,"WagersEtAl09E3RNsing","EN","SPR","RT",NA,"num","pro","subj","agreement","sing","subj_OR_topic",7.9591,1.9416,13.9766,1
1,0.1,-1.5,1.5,0.25,0.5,0.7,1.3,0,0,-1,0,1,1,"WagersEtAl09E3RNplu","EN","SPR","RT",NA,"num","pro","subj","agreement","plural","subj_OR_topic",3.6004,2.0178,10.366,1
1,0.1,-1.5,1.5,0.25,0.5,0.7,1.3,0,0,-1,0,1,1,"LagoEtAl15E3a","SP","SPR","RT",NA,"num","pro","subj","agreement","sing","subj_OR_topic",5.2548,0.360200000000001,10.1494,1
1,0.1,-1.5,1.5,0.25,0.5,1.3,0.7,0,0,-1,0,1,1,"PearlmutterEtAl99E1","EN","SPR","RT",NA,"num","retro","pp","agreement","sing","other",22.7194,49.7816,41.096,-1
1,0.1,-1.5,1.5,0.25,0.5,1.3,0.7,0,0,-1,0,1,1,"PearlmutterEtAl99E2","EN","ET","FPRT",NA,"num","retro","pp","agreement","sing","other",22.0298,51.0144,18.5524,-1
1,0.1,-1.5,1.5,0.25,0.5,1.3,0.7,0,0,-1,0,1,1,"PearlmutterEtAl99E3sing","EN","SPR","RT",NA,"num","retro","pp","agreement","sing","other",25.3565,50.713,NA,1
2,0.15,-1.5,1.5,0.25,0.5,1.3,0.7,0,0,-1,0,1,1,"PearlmutterEtAl99E3plu","EN","SPR","RT",NA,"num","retro","pp","agreement","plural","other",1.0384,1.0384,NA,1
1,0.1,-1.5,1.5,0.25,0.5,1.3,0.7,0,0,-1,0,1,1,"TuckerEtAl2015","AR","SPR","RT",NA,"num","retro","obj","agreement","sing","other",8.08525,21.8826,5.2292,1
2,0.15,-1.5,1.5,0.25,0.5,1.3,0.7,0,0,-1,0,1,1,"WagersEtAl09E4pp","EN","SPR","RT",NA,"num","retro","pp","agreement","sing","other",11.11745,39.553,2.4584,1
4,0.25,-1.5,1.5,0.25,0.5,0.7,1.3,0,0,-1,0,1,1,"FranckEtAl15E1RC","FR","SPR","RT",NA,"num","pro","obj","agreement","sing","other",69.9482,69.9482,NA,1
1,0.1,-1.5,1.5,0.25,0.5,1.3,0.7,0,0,-1,0,1,1,"VanDyke07E1LoSem","EN","SPR","RT",NA,"subj","retro","pp_subj","nonagreement","sing","subj_OR_topic",2.4252,2.4252,NA,1
4,0.25,-1.5,1.5,0.25,0.5,1.3,0.7,0,0,-1,0,1,1,"VanDyke07E2LoSem","EN","ET","FPRT",NA,"subj","retro","pp_subj","nonagreement","sing","subj_OR_topic",0.454799999999999,0.454799999999999,NA,1
2,0.15,-1.5,1.5,0.25,0.5,1.3,0.7,0,0,-1,0,1,1,"VanDyke07E3LoSem","EN","ET","FPRT",NA,"subj","retro","pp_subj","nonagreement","sing","subj_OR_topic",2.6952,2.6952,NA,1
4,0.25,-1.5,1.5,0.25,0.5,1.3,0.7,0,0,-1,0,1,1,"VanDykeEtal03E4","EN","SPR","RT",NA,"subj","retro","pp_subj","nonagreement","sing","subj_OR_topic",17.3876,17.3876,NA,1
1,0.1,-1.5,1.5,0.25,0.5,0.7,1.3,0,0,-1,0,1,1,"VanDykeEtAl11E2bpro","EN","ET","FPRT",NA,"subj","pro","obj","nonagreement","sing","other",5.037,5.037,NA,1
1,0.1,-1.5,1.5,0.25,0.5,1.3,0.7,0,0,-1,0,1,1,"VanDykeEtAl11E2bretro","EN","ET","FPRT",NA,"subj","retro","obj","nonagreement","sing","other",10.9686,21.9372,NA,1
1,0.1,-1.5,1.5,0.25,0.5,1.3,0.7,0,0,-1,0,1,1,"VanDyke07E3LoSyn","EN","ET","FPRT",NA,"subj","retro","pp","nonagreement","sing","other",7.2626,7.2626,NA,1
4,0.25,-1.5,1.5,0.25,0.5,1.3,0.7,0,0,-1,0,1,1,"VanDyke07E1LoSyn","EN","SPR","RT",NA,"subj","retro","pp","nonagreement","sing","other",15.2292,15.2292,NA,1
4,0.25,-1.5,1.5,0.25,0.5,1.3,0.7,0,0,-1,0,1,1,"VanDykeE2LoSyn","EN","ET","FPRT",NA,"subj","retro","pp","nonagreement","sing","other",6.8638,6.8638,NA,1
2,0.15,-1.5,1.5,0.25,0.5,0.7,1.3,0,0,-1,0,1,3,"VanDykeEtAl06","EN","SPR","RT",NA,"sem","pro","memory_3x","nonagreement","sing","other",4.8,4.8,NA,1
1,0.1,-1.5,1.5,0.25,0.5,0.7,1.3,0,0,-1,0,1,1,"VanDykeEtAl11E1bpro","EN","ET","FPRT",NA,"subj","pro","subj","nonagreement","sing","subj_OR_topic",7.514,7.514,NA,1
1,0.1,-1.5,1.5,0.25,0.5,0.7,1.3,0,0,-1,0,1,1,"VanDykeEtAl11E1bretro","EN","ET","FPRT",NA,"subj","pro","subj","nonagreement","sing","subj_OR_topic",7.0246,14.0492,NA,1
4,0.25,-1.5,1.5,0.25,0.5,1.3,0.7,0,0,-1,0,1,1,"WagersEtAl09E5","EN","SPR","RT",NA,"num","retro","pp","agreement","sing","other",11.94365,45.0158,1.3794,1
1,0.1,-1.5,1.5,0.25,0.5,1.3,0.7,0,0,-1,0,1,1,"WagersEtAl09E6","EN","SPR","RT",NA,"num","retro","pp","agreement","sing","other",8.0301,16.0602,NA,1
1,0.1,-1.5,1.5,0.25,0,0.7,1.3,0,0,-1,0,1,1,"BadeckerEtAl02E5","EN","SPR","RT",NA,"gend","pro","gen","refl",NA,"other",11.8686,11.8686,NA,1
1,0.1,-1.5,1.5,0.25,0,0.7,1.3,0,0,-1,0,1,1,"BadeckerEtAl02E6","EN","SPR","RT",NA,"gend","pro","prepobj","refl",NA,"other",7.0818,14.1636,NA,1
1,0.1,-1.5,1.5,0.25,0,0.7,1.3,0,0,-1,0,1,1,"FelserEtAl09noccom","EN","ET","FPRT",NA,"gend","pro","subj_topic","refl",NA,"subj_AND_topic",11.5028,11.5028,NA,1
1,0.1,-1.5,1.5,0.25,0,1.3,0.7,0,0,-1,0,1,1,"DillonEtAl13E1refl","EN","ET","FPRT",NA,"num","retro","obj","refl",NA,"other",8.3609,19.1752,14.2684,-1
1,0.1,-1.5,1.5,0.25,0,1.3,0.7,0,0,-1,0,1,1,"Sturt03E2","EN","ET","FPRT",NA,"gend","retro","obj_topic","refl",NA,"subj_OR_topic",7.56715,1.3944,27.4798,-1
1,0.1,-1.5,1.5,0.25,0,0.7,1.3,0,0,-1,0,1,1,"CunningsEtAl13E1LO","EN","ET","FPRT","LO","gend","pro","subj_topic","refl",NA,"subj_AND_topic",10.1966,19.3644,10.711,-1
1,0.1,-1.5,1.5,0.25,0,0.7,1.3,0,0,-1,0,1,1,"CunningsEtAl13E1HI","EN","ET","FPRT","HI","gend","pro","subj_topic","refl",NA,"subj_AND_topic",9.16415,16.0478,10.3044,1
1,0.1,-1.5,1.5,0.25,0,0.7,1.3,0,0,-1,0,1,1,"CunningsEtAl14E1","EN","ET","FPRT",NA,"gend","pro","subj_topic","refl",NA,"subj_AND_topic",16.17875,15.3552,49.3598,-1
1,0.1,-1.5,1.5,0.25,0,1.3,0.7,0,0,-1.01,0,1,1,"JaegerEtAl15E1","CN","ET","FPRT",NA,"anim","retro","subj","refl",NA,"subj_OR_topic",12.7927,13.5204,18.8252,-1
1,0.1,-1.5,1.5,0.25,0,1.3,0.7,0,0,-1,0,1,1,"CunningsEtAl13E2LO","EN","ET","FPRT","LO","gend","retro","subj_topic","refl",NA,"subj_AND_topic",24.6232,60.5688,37.924,-1
1,0.1,-1.5,1.5,0.25,0,1.3,0.7,0,0,-1,0,1,1,"CunningsEtAl13E2HI","EN","ET","FPRT","HI","gend","retro","subj_topic","refl",NA,"subj_AND_topic",7.5231,14.03,16.0624,-1
1,0.1,-1.5,1.5,0.25,0,0.7,1.3,0,0,-1,0,1,1,"Sturt03E1","EN","ET","FPRT",NA,"gend","pro","subj_topic","refl",NA,"subj_AND_topic",7.95655,19.4182,6.204,1
4,0.25,-1.5,1.5,0.25,0,0.7,1.3,0,0,-1,0,1,1,"BadeckerEtAl02E3","EN","SPR","RT",NA,"gend","pro","subj","refl",NA,"subj_OR_topic",6.2042,6.2042,NA,1
1,0.1,-1.5,1.5,0.25,0,0.7,1.3,0,0,-1,0,1,1,"FelserEtAl09inaccMism","EN","ET","FPRT",NA,"ccom","pro","subj_topic","refl",NA,"subj_AND_topic",10.1622,10.1622,NA,1
1,0.1,-1.5,1.5,0.25,0,0.7,1.3,0,0,-1,0,1,3,"JaegerEtAl15E2","CN","ET","FPRT",NA,"anim","pro","memory_3x","refl",NA,"other",18.6054,18.6054,NA,1
1,0.1,-1.5,1.5,0.25,0,1.3,0.7,0,0,-1,0,1,1,"PatilEtAl2016","EN","ET","FPRT",NA,"gend","retro","subj","refl",NA,"subj_OR_topic",12.33,26.1042,23.2158,-1
1,0.1,-1.5,1.5,0.25,0,1.3,0.7,0,0,-1,0,1,1,"ChenEtAl12local","CN","SPR","RT",NA,"anim","retro","subj","refl",NA,"subj_OR_topic",9.3556,9.3556,NA,1
4,0.25,-1.5,1.5,0.25,0,0.7,1.3,0,0,-1,0,1,1,"BadeckerEtAl02E4","EN","SPR","RT",NA,"num","pro","subj","reci",NA,"subj_OR_topic",13.2494,13.2494,NA,1
1,0.1,-1.5,1.5,0.25,0,1.3,0.7,0,0,-1.01,0,1,1,"KushEtAl14","HI","SPR","RT",NA,"num","retro","prepobj","reci",NA,"other",18.65865,14.4858,30.0744,-1
4,0.25,-1.5,1.5,0.25,0,0.7,1.3,0,0,-1,0,1,1,"FranckEtAl15E1Compl","FR","SPR","RT",NA,"num","pro","obj","agreement","sing","other",14.4364,14.4364,NA,1
1,0.1,-1.5,1.5,0.25,0,1.3,0.7,0,0,-1,0,1,1,"DillonEtAl13E1agrmt","EN","ET","FPRT",NA,"num","retro","obj","agreement","sing","other",4.4783,2.9274,6.0292,1
1,0.1,-1.5,1.5,0.25,0,0.7,1.3,0,0,-1,0,1,1,"LagoEtAl15E1","SP","SPR","RT",NA,"num","pro","subj","agreement","sing","subj_OR_topic",18.0828,9.968,26.1976,1
4,0.25,-1.5,1.5,0.25,0,0.7,1.3,0,0,-1,0,1,1,"LagoEtAl15E2","EN","SPR","RT",NA,"num","pro","subj","agreement","sing","subj_OR_topic",13.034,44.1468,3.9946,1
2,0.15,-1.5,1.5,0.25,0,0.7,1.3,0,0,-1,0,1,1,"LagoEtAl15E3b","SP","SPR","RT",NA,"num","pro","subj","agreement","sing","subj_OR_topic",9.4447,33.1548,2.312,1
2,0.15,-1.5,1.5,0.25,0,0.7,1.3,0,0,-1,0,1,1,"WagersEtAl09E2","EN","SPR","RT",NA,"num","pro","subj","agreement","sing","subj_OR_topic",26.7103,14.4828,38.9378,1
1,0.1,-1.5,1.5,0.25,0,0.7,1.3,0,0,-1,0,1,1,"WagersEtAl09E3RNsing","EN","SPR","RT",NA,"num","pro","subj","agreement","sing","subj_OR_topic",5.6205,4.1712,7.0698,1
1,0.1,-1.5,1.5,0.25,0,0.7,1.3,0,0,-1,0,1,1,"WagersEtAl09E3RNplu","EN","SPR","RT",NA,"num","pro","subj","agreement","plural","subj_OR_topic",6.45585,3.7494,18.3246,1
1,0.1,-1.5,1.5,0.25,0,0.7,1.3,0,0,-1,0,1,1,"LagoEtAl15E3a","SP","SPR","RT",NA,"num","pro","subj","agreement","sing","subj_OR_topic",1.5791,1.5852,1.573,1
1,0.1,-1.5,1.5,0.25,0,1.3,0.7,0,0,-1,0,1,1,"PearlmutterEtAl99E1","EN","SPR","RT",NA,"num","retro","pp","agreement","sing","other",20.3482,49.3796,32.0132,-1
1,0.1,-1.5,1.5,0.25,0,1.3,0.7,0,0,-1,0,1,1,"PearlmutterEtAl99E2","EN","ET","FPRT",NA,"num","retro","pp","agreement","sing","other",16.35135,50.0202,7.6926,-1
1,0.1,-1.5,1.5,0.25,0,1.3,0.7,0,0,-1,0,1,1,"PearlmutterEtAl99E3sing","EN","SPR","RT",NA,"num","retro","pp","agreement","sing","other",25.0815,50.163,NA,1
2,0.15,-1.5,1.5,0.25,0,1.3,0.7,0,0,-1,0,1,1,"PearlmutterEtAl99E3plu","EN","SPR","RT",NA,"num","retro","pp","agreement","plural","other",3.328,3.328,NA,1
3,0.2,-1.5,1.5,0.25,0,1.3,0.7,0,0,-1,0,1,1,"TuckerEtAl2015","AR","SPR","RT",NA,"num","retro","obj","agreement","sing","other",10.6114,34.8284,3.8086,1
4,0.25,-1.5,1.5,0.25,0,1.3,0.7,0,0,-1,0,1,1,"WagersEtAl09E4pp","EN","SPR","RT",NA,"num","retro","pp","agreement","sing","other",13.53165,51.5122,1.3072,1
4,0.25,-1.5,1.5,0.25,0,0.7,1.3,0,0,-1,0,1,1,"FranckEtAl15E1RC","FR","SPR","RT",NA,"num","pro","obj","agreement","sing","other",66.3308,66.3308,NA,1
1,0.1,-1.5,1.5,0.25,0,1.3,0.7,0,0,-1,0,1,1,"VanDyke07E1LoSem","EN","SPR","RT",NA,"subj","retro","pp_subj","nonagreement","sing","subj_OR_topic",0.5266,0.5266,NA,1
4,0.25,-1.5,1.5,0.25,0,1.3,0.7,0,0,-1,0,1,1,"VanDyke07E2LoSem","EN","ET","FPRT",NA,"subj","retro","pp_subj","nonagreement","sing","subj_OR_topic",2.6954,2.6954,NA,1
2,0.15,-1.5,1.5,0.25,0,1.3,0.7,0,0,-1,0,1,1,"VanDyke07E3LoSem","EN","ET","FPRT",NA,"subj","retro","pp_subj","nonagreement","sing","subj_OR_topic",0.871600000000001,0.871600000000001,NA,1
4,0.25,-1.5,1.5,0.25,0,1.3,0.7,0,0,-1,0,1,1,"VanDykeEtal03E4","EN","SPR","RT",NA,"subj","retro","pp_subj","nonagreement","sing","subj_OR_topic",20.3424,20.3424,NA,1
1,0.1,-1.5,1.5,0.25,0,0.7,1.3,0,0,-1,0,1,1,"VanDykeEtAl11E2bpro","EN","ET","FPRT",NA,"subj","pro","obj","nonagreement","sing","other",7.1334,7.1334,NA,1
1,0.1,-1.5,1.5,0.25,0,1.3,0.7,0,0,-1,0,1,1,"VanDykeEtAl11E2bretro","EN","ET","FPRT",NA,"subj","retro","obj","nonagreement","sing","other",10.5878,21.1756,NA,1
1,0.1,-1.5,1.5,0.25,0,1.3,0.7,0,0,-1,0,1,1,"VanDyke07E3LoSyn","EN","ET","FPRT",NA,"subj","retro","pp","nonagreement","sing","other",5.7898,5.7898,NA,1
4,0.25,-1.5,1.5,0.25,0,1.3,0.7,0,0,-1,0,1,1,"VanDyke07E1LoSyn","EN","SPR","RT",NA,"subj","retro","pp","nonagreement","sing","other",19.5878,19.5878,NA,1
4,0.25,-1.5,1.5,0.25,0,1.3,0.7,0,0,-1,0,1,1,"VanDykeE2LoSyn","EN","ET","FPRT",NA,"subj","retro","pp","nonagreement","sing","other",8.58,8.58,NA,1
1,0.1,-1.5,1.5,0.25,0,0.7,1.3,0,0,-1,0,1,3,"VanDykeEtAl06","EN","SPR","RT",NA,"sem","pro","memory_3x","nonagreement","sing","other",5.504,5.504,NA,1
1,0.1,-1.5,1.5,0.25,0,0.7,1.3,0,0,-1,0,1,1,"VanDykeEtAl11E1bpro","EN","ET","FPRT",NA,"subj","pro","subj","nonagreement","sing","subj_OR_topic",9.1694,9.1694,NA,1
1,0.1,-1.5,1.5,0.25,0,0.7,1.3,0,0,-1,0,1,1,"VanDykeEtAl11E1bretro","EN","ET","FPRT",NA,"subj","pro","subj","nonagreement","sing","subj_OR_topic",8.1614,16.3228,NA,1
4,0.25,-1.5,1.5,0.25,0,1.3,0.7,0,0,-1,0,1,1,"WagersEtAl09E5","EN","SPR","RT",NA,"num","retro","pp","agreement","sing","other",23.76455,41.0766,26.9908,1
1,0.1,-1.5,1.5,0.25,0,1.3,0.7,0,0,-1,0,1,1,"WagersEtAl09E6","EN","SPR","RT",NA,"num","retro","pp","agreement","sing","other",7.3957,14.7914,NA,1
3,0.15,-1.5,1.5,0.25,0.5,0.7,1.3,1,10,-1,-2,1,1,"BadeckerEtAl02E5","EN","SPR","RT",NA,"gend","pro","gen","refl",NA,"other",0.0316000000000001,0.0316000000000001,NA,1
2,0.15,-1.5,1.5,0.25,0.5,0.7,1.3,1,10,-1,-2.5,1,1,"BadeckerEtAl02E6","EN","SPR","RT",NA,"gend","pro","prepobj","refl",NA,"other",0.681,1.362,NA,1
2,0.15,-1.5,1.5,0.25,0.5,0.7,1.3,1,10,-1,1.5,1,1,"FelserEtAl09noccom","EN","ET","FPRT",NA,"gend","pro","subj_topic","refl",NA,"subj_AND_topic",2.6294,2.6294,NA,1
2,0.15,-1.5,1.5,0.25,0.5,1.3,0.7,1,10,-1,-2.5,1,1,"DillonEtAl13E1refl","EN","ET","FPRT",NA,"num","retro","obj","refl",NA,"other",2.05985,7.9794,0.26,-1
1,0.15,-1.5,1.5,0.25,0.5,1.3,0.7,1,10,-1,-1,1,1,"Sturt03E2","EN","ET","FPRT",NA,"gend","retro","obj_topic","refl",NA,"subj_OR_topic",5.0536,1.5614,17.0916,-1
7,0.15,-1.5,1.5,0.25,0.5,0.7,1.3,1,10,-1,4,1,1,"CunningsEtAl13E1LO","EN","ET","FPRT","LO","gend","pro","subj_topic","refl",NA,"subj_AND_topic",1.5313,1.5868,1.4758,-1
7,0.15,-1.5,1.5,0.25,0.5,0.7,1.3,1,10,-1,4,1,1,"CunningsEtAl13E1HI","EN","ET","FPRT","HI","gend","pro","subj_topic","refl",NA,"subj_AND_topic",1.4577,1.4886,1.4268,1
7,0.15,-1.5,1.5,0.25,0.5,0.7,1.3,1,10,-1,4,1,1,"CunningsEtAl14E1","EN","ET","FPRT",NA,"gend","pro","subj_topic","refl",NA,"subj_AND_topic",11.32075,2.419,40.445,-1
1,0.15,-1.5,1.5,0.25,0.5,1.3,0.7,1,10,-0.9,-1,1,1,"JaegerEtAl15E1","CN","ET","FPRT",NA,"anim","retro","subj","refl",NA,"subj_OR_topic",3.90885,15.223,0.206199999999999,1
3,0.15,-1.5,1.5,0.25,0.5,1.3,0.7,1,10,-1,2,1,1,"CunningsEtAl13E2LO","EN","ET","FPRT","LO","gend","retro","subj_topic","refl",NA,"subj_AND_topic",27.22075,31.8976,45.0878,-1
7,0.15,-1.5,1.5,0.25,0.5,1.3,0.7,1,10,-1,4,1,1,"CunningsEtAl13E2HI","EN","ET","FPRT","HI","gend","retro","subj_topic","refl",NA,"subj_AND_topic",2.2718,2.5214,6.5658,-1
6,0.15,-1.5,1.5,0.25,0.5,0.7,1.3,1,10,-1,3.5,1,1,"Sturt03E1","EN","ET","FPRT",NA,"gend","pro","subj_topic","refl",NA,"subj_AND_topic",0.9281,0.5818,1.2744,1
4,0.15,-1.5,1.5,0.25,0.5,0.7,1.3,1,10,-1,0.5,1,1,"BadeckerEtAl02E3","EN","SPR","RT",NA,"gend","pro","subj","refl",NA,"subj_OR_topic",22.1448,22.1448,NA,1
2,0.15,-1.5,1.5,0.25,0.5,0.7,1.3,1,10,-1,1.5,1,1,"FelserEtAl09inaccMism","EN","ET","FPRT",NA,"ccom","pro","subj_topic","refl",NA,"subj_AND_topic",3.5842,3.5842,NA,1
5,0.15,-1.5,1.5,0.25,0.5,0.7,1.3,1,10,-1,-1,1,3,"JaegerEtAl15E2","CN","ET","FPRT",NA,"anim","pro","memory_3x","refl",NA,"other",0.3246,0.3246,NA,1
7,0.15,-1.5,1.5,0.25,0.5,1.3,0.7,1,10,-1,2,1,1,"PatilEtAl2016","EN","ET","FPRT",NA,"gend","retro","subj","refl",NA,"subj_OR_topic",8.94735,3.0712,29.647,-1
1,0.15,-1.5,1.5,0.25,0.5,1.3,0.7,1,10,-1,-1,1,1,"ChenEtAl12local","CN","SPR","RT",NA,"anim","retro","subj","refl",NA,"subj_OR_topic",8.7966,8.7966,NA,1
4,0.2,-1.5,1.5,0.25,0.5,0.7,1.3,1,10,-1,0.5,1,1,"BadeckerEtAl02E4","EN","SPR","RT",NA,"num","pro","subj","reci",NA,"subj_OR_topic",21.0906,21.0906,NA,1
36,0.2,-1.5,1.5,0.25,0.5,1.3,0.7,1,10,-0.4,-1.5,1,1,"KushEtAl14","HI","SPR","RT",NA,"num","retro","prepobj","reci",NA,"other",5.5122,13.8476,4.1006,1
7,0.2,-1.5,1.5,0.25,0.5,0.7,1.3,1,10,-1,0,1,1,"FranckEtAl15E1Compl","FR","SPR","RT",NA,"num","pro","obj","agreement","sing","other",31.9936,31.9936,NA,1
5,0.2,-1.5,1.5,0.25,0.5,1.3,0.7,1,10,-1,-1,1,1,"DillonEtAl13E1agrmt","EN","ET","FPRT",NA,"num","retro","obj","agreement","sing","other",0.8676,0.2288,1.5064,1
6,0.2,-1.5,1.5,0.25,0.5,0.7,1.3,1,10,-1,1.5,1,1,"LagoEtAl15E1","SP","SPR","RT",NA,"num","pro","subj","agreement","sing","subj_OR_topic",5.0397,3.3604,6.719,1
7,0.2,-1.5,1.5,0.25,0.5,0.7,1.3,1,10,-1,2,1,1,"LagoEtAl15E2","EN","SPR","RT",NA,"num","pro","subj","agreement","sing","subj_OR_topic",4.1396,5.0486,3.2306,1
7,0.2,-1.5,1.5,0.25,0.5,0.7,1.3,1,10,-1,2,1,1,"LagoEtAl15E3b","SP","SPR","RT",NA,"num","pro","subj","agreement","sing","subj_OR_topic",5.9471,1.1196,10.7746,1
6,0.2,-1.5,1.5,0.25,0.5,0.7,1.3,1,10,-1,1.5,1,1,"WagersEtAl09E2","EN","SPR","RT",NA,"num","pro","subj","agreement","sing","subj_OR_topic",9.3708,6.2732,12.4684,1
3,0.2,-1.5,1.5,0.25,0.5,0.7,1.3,1,10,-1,0,1,1,"WagersEtAl09E3RNsing","EN","SPR","RT",NA,"num","pro","subj","agreement","sing","subj_OR_topic",8.8228,8.3698,9.2758,1
2,0.2,-1.5,1.5,0.25,0.5,0.7,1.3,1,10,-1,-0.5,1,1,"WagersEtAl09E3RNplu","EN","SPR","RT",NA,"num","pro","subj","agreement","plural","subj_OR_topic",2.3342,1.8084,5.72,1
3,0.2,-1.5,1.5,0.25,0.5,0.7,1.3,1,10,-1,0,1,1,"LagoEtAl15E3a","SP","SPR","RT",NA,"num","pro","subj","agreement","sing","subj_OR_topic",4.2124,6.42,2.0048,1
2,0.2,-1.5,1.5,0.25,0.5,1.3,0.7,1,10,-1,-2.5,1,1,"PearlmutterEtAl99E1","EN","SPR","RT",NA,"num","retro","pp","agreement","sing","other",13.90705,39.25,16.3782,-1
1,0.2,-1.5,1.5,0.25,0.5,1.3,0.7,1,10,-1,-3,1,1,"PearlmutterEtAl99E2","EN","ET","FPRT",NA,"num","retro","pp","agreement","sing","other",12.49675,38.9454,5.5208,-1
1,0.2,-1.5,1.5,0.25,0.5,1.3,0.7,1,10,-1,-3,1,1,"PearlmutterEtAl99E3sing","EN","SPR","RT",NA,"num","retro","pp","agreement","sing","other",19.5102,39.0204,NA,1
6,0.2,-1.5,1.5,0.25,0.5,1.3,0.7,1,10,-1,-0.5,1,1,"PearlmutterEtAl99E3plu","EN","SPR","RT",NA,"num","retro","pp","agreement","plural","other",2.2754,2.2754,NA,1
6,0.2,-1.5,1.5,0.25,0.5,1.3,0.7,1,10,-1,-0.5,1,1,"TuckerEtAl2015","AR","SPR","RT",NA,"num","retro","obj","agreement","sing","other",14.30145,34.7174,11.2442,1
6,0.2,-1.5,1.5,0.25,0.5,1.3,0.7,1,10,-1,-0.5,1,1,"WagersEtAl09E4pp","EN","SPR","RT",NA,"num","retro","pp","agreement","sing","other",17.9525,45.1288,13.3406,1
7,0.2,-1.5,1.5,0.25,0.5,0.7,1.3,1,10,-1,0,1,1,"FranckEtAl15E1RC","FR","SPR","RT",NA,"num","pro","obj","agreement","sing","other",81.7674,81.7674,NA,1
1,0.2,-1.5,1.5,0.25,0.5,1.3,0.7,1,10,-1,-1,1,1,"VanDyke07E1LoSem","EN","SPR","RT",NA,"subj","retro","pp_subj","nonagreement","sing","subj_OR_topic",5.7042,5.7042,NA,1
3,0.2,-1.5,1.5,0.25,0.5,1.3,0.7,1,10,-1,0,1,1,"VanDyke07E2LoSem","EN","ET","FPRT",NA,"subj","retro","pp_subj","nonagreement","sing","subj_OR_topic",1.4148,1.4148,NA,1
1,0.2,-1.5,1.5,0.25,0.5,1.3,0.7,1,10,-1,-1,1,1,"VanDyke07E3LoSem","EN","ET","FPRT",NA,"subj","retro","pp_subj","nonagreement","sing","subj_OR_topic",1.129,1.129,NA,1
3,0.2,-1.5,1.5,0.25,0.5,1.3,0.7,1,10,-1,0,1,1,"VanDykeEtal03E4","EN","SPR","RT",NA,"subj","retro","pp_subj","nonagreement","sing","subj_OR_topic",20.583,20.583,NA,1
5,0.2,-1.5,1.5,0.25,0.5,0.7,1.3,1,10,-1,-1,1,1,"VanDykeEtAl11E2bpro","EN","ET","FPRT",NA,"subj","pro","obj","nonagreement","sing","other",0.0293999999999999,0.0293999999999999,NA,1
2,0.2,-1.5,1.5,0.25,0.5,1.3,0.7,1,10,-1,-2.5,1,1,"VanDykeEtAl11E2bretro","EN","ET","FPRT",NA,"subj","retro","obj","nonagreement","sing","other",5.111,10.222,NA,1
3,0.2,-1.5,1.5,0.25,0.5,1.3,0.7,1,10,-1,-2,1,1,"VanDyke07E3LoSyn","EN","ET","FPRT",NA,"subj","retro","pp","nonagreement","sing","other",0.28,0.28,NA,1
7,0.2,-1.5,1.5,0.25,0.5,1.3,0.7,1,10,-1,0,1,1,"VanDyke07E1LoSyn","EN","SPR","RT",NA,"subj","retro","pp","nonagreement","sing","other",17.4766,17.4766,NA,1
7,0.2,-1.5,1.5,0.25,0.5,1.3,0.7,1,10,-1,0,1,1,"VanDykeE2LoSyn","EN","ET","FPRT",NA,"subj","retro","pp","nonagreement","sing","other",6.7216,6.7216,NA,1
6,0.2,-1.5,1.5,0.25,0.5,0.7,1.3,1,10,-1,-0.5,1,3,"VanDykeEtAl06","EN","SPR","RT",NA,"sem","pro","memory_3x","nonagreement","sing","other",6.0452,6.0452,NA,1
1,0.2,-1.5,1.5,0.25,0.5,0.7,1.3,1,10,-1,-1,1,1,"VanDykeEtAl11E1bpro","EN","ET","FPRT",NA,"subj","pro","subj","nonagreement","sing","subj_OR_topic",2.636,2.636,NA,1
6,0.2,-1.5,1.5,0.25,0.5,0.7,1.3,1,10,-1,1.5,1,1,"VanDykeEtAl11E1bretro","EN","ET","FPRT",NA,"subj","pro","subj","nonagreement","sing","subj_OR_topic",1.8368,1.8368,NA,1
7,0.2,-1.5,1.5,0.25,0.5,1.3,0.7,1,10,-1,0,1,1,"WagersEtAl09E5","EN","SPR","RT",NA,"num","retro","pp","agreement","sing","other",16.9949,43.5076,12.236,1
1,0.2,-1.5,1.5,0.25,0.5,1.3,0.7,1,10,-1,-3,1,1,"WagersEtAl09E6","EN","SPR","RT",NA,"num","retro","pp","agreement","sing","other",2.2828,4.5656,NA,1
2,0.15,-1.5,1.5,0.25,0,0.7,1.3,1,10,-1,-2.5,1,1,"BadeckerEtAl02E5","EN","SPR","RT",NA,"gend","pro","gen","refl",NA,"other",0.634,0.634,NA,1
1,0.15,-1.5,1.5,0.25,0,0.7,1.3,1,10,-1,-3,1,1,"BadeckerEtAl02E6","EN","SPR","RT",NA,"gend","pro","prepobj","refl",NA,"other",0.5435,1.087,NA,1
1,0.15,-1.5,1.5,0.25,0,0.7,1.3,1,10,-1,1,1,1,"FelserEtAl09noccom","EN","ET","FPRT",NA,"gend","pro","subj_topic","refl",NA,"subj_AND_topic",4.4002,4.4002,NA,1
1,0.15,-1.5,1.5,0.25,0,1.3,0.7,1,10,-1,-3,1,1,"DillonEtAl13E1refl","EN","ET","FPRT",NA,"num","retro","obj","refl",NA,"other",1.78385,6.4054,0.73,-1
1,0.15,-1.5,1.5,0.25,0,1.3,0.7,1,10,-1,-1,1,1,"Sturt03E2","EN","ET","FPRT",NA,"gend","retro","obj_topic","refl",NA,"subj_OR_topic",5.58515,2.6594,17.0218,-1
7,0.15,-1.5,1.5,0.25,0,0.7,1.3,1,10,-1,4,1,1,"CunningsEtAl13E1LO","EN","ET","FPRT","LO","gend","pro","subj_topic","refl",NA,"subj_AND_topic",1.5315,2.0074,1.0556,-1
7,0.15,-1.5,1.5,0.25,0,0.7,1.3,1,10,-1,4,1,1,"CunningsEtAl13E1HI","EN","ET","FPRT","HI","gend","pro","subj_topic","refl",NA,"subj_AND_topic",1.0604,1.0734,1.0474,1
7,0.15,-1.5,1.5,0.25,0,0.7,1.3,1,10,-1,4,1,1,"CunningsEtAl14E1","EN","ET","FPRT",NA,"gend","pro","subj_topic","refl",NA,"subj_AND_topic",11.03975,2.0386,40.0818,-1
7,0.15,-1.5,1.5,0.25,0,1.3,0.7,1,10,-0.3,-1,1,1,"JaegerEtAl15E1","CN","ET","FPRT",NA,"anim","retro","subj","refl",NA,"subj_OR_topic",2.8169,10.5812,0.3432,1
4,0.15,-1.5,1.5,0.25,0,1.3,0.7,1,10,-1,2.5,1,1,"CunningsEtAl13E2LO","EN","ET","FPRT","LO","gend","retro","subj_topic","refl",NA,"subj_AND_topic",27.54425,35.202,39.773,-1
7,0.15,-1.5,1.5,0.25,0,1.3,0.7,1,10,-1,4,1,1,"CunningsEtAl13E2HI","EN","ET","FPRT","HI","gend","retro","subj_topic","refl",NA,"subj_AND_topic",2.51845,3.012,7.0618,-1
6,0.15,-1.5,1.5,0.25,0,0.7,1.3,1,10,-1,3.5,1,1,"Sturt03E1","EN","ET","FPRT",NA,"gend","pro","subj_topic","refl",NA,"subj_AND_topic",1.0777,0.136,2.0194,1
4,0.15,-1.5,1.5,0.25,0,0.7,1.3,1,10,-1,0.5,1,1,"BadeckerEtAl02E3","EN","SPR","RT",NA,"gend","pro","subj","refl",NA,"subj_OR_topic",18.5346,18.5346,NA,1
1,0.15,-1.5,1.5,0.25,0,0.7,1.3,1,10,-1,1,1,1,"FelserEtAl09inaccMism","EN","ET","FPRT",NA,"ccom","pro","subj_topic","refl",NA,"subj_AND_topic",4.0156,4.0156,NA,1
4,0.15,-1.5,1.5,0.25,0,0.7,1.3,1,10,-1,-1.5,1,3,"JaegerEtAl15E2","CN","ET","FPRT",NA,"anim","pro","memory_3x","refl",NA,"other",0.859,0.859,NA,1
1,0.15,-1.5,1.5,0.25,0,1.3,0.7,1,10,-1,-1,1,1,"PatilEtAl2016","EN","ET","FPRT",NA,"gend","retro","subj","refl",NA,"subj_OR_topic",8.2039,20.8784,11.9372,-1
5,0.15,-1.5,1.5,0.25,0,1.3,0.7,1,10,-1,1,1,1,"ChenEtAl12local","CN","SPR","RT",NA,"anim","retro","subj","refl",NA,"subj_OR_topic",2.5182,2.5182,NA,1
4,0.2,-1.5,1.5,0.25,0,0.7,1.3,1,10,-1,0.5,1,1,"BadeckerEtAl02E4","EN","SPR","RT",NA,"num","pro","subj","reci",NA,"subj_OR_topic",17.4714,17.4714,NA,1
50,0.2,-1.5,1.5,0.25,0,1.3,0.7,1,10,0,-1,1,1,"KushEtAl14","HI","SPR","RT",NA,"num","retro","prepobj","reci",NA,"other",5.1322,15.7652,2.3818,1
7,0.2,-1.5,1.5,0.25,0,0.7,1.3,1,10,-1,0,1,1,"FranckEtAl15E1Compl","FR","SPR","RT",NA,"num","pro","obj","agreement","sing","other",21.9772,21.9772,NA,1
6,0.2,-1.5,1.5,0.25,0,1.3,0.7,1,10,-1,-0.5,1,1,"DillonEtAl13E1agrmt","EN","ET","FPRT",NA,"num","retro","obj","agreement","sing","other",1.9482,1.564,2.3324,1
6,0.2,-1.5,1.5,0.25,0,0.7,1.3,1,10,-1,1.5,1,1,"LagoEtAl15E1","SP","SPR","RT",NA,"num","pro","subj","agreement","sing","subj_OR_topic",10.8519,15.1232,6.5806,1
6,0.2,-1.5,1.5,0.25,0,0.7,1.3,1,10,-1,1.5,1,1,"LagoEtAl15E2","EN","SPR","RT",NA,"num","pro","subj","agreement","sing","subj_OR_topic",6.5902,2.9572,10.2232,1
7,0.2,-1.5,1.5,0.25,0,0.7,1.3,1,10,-1,2,1,1,"LagoEtAl15E3b","SP","SPR","RT",NA,"num","pro","subj","agreement","sing","subj_OR_topic",7.1376,6.8354,7.4398,1
5,0.2,-1.5,1.5,0.25,0,0.7,1.3,1,10,-1,1,1,1,"WagersEtAl09E2","EN","SPR","RT",NA,"num","pro","subj","agreement","sing","subj_OR_topic",2.6788,3.842,1.5156,1
3,0.2,-1.5,1.5,0.25,0,0.7,1.3,1,10,-1,0,1,1,"WagersEtAl09E3RNsing","EN","SPR","RT",NA,"num","pro","subj","agreement","sing","subj_OR_topic",10.7327,17.7904,3.675,1
1,0.2,-1.5,1.5,0.25,0,0.7,1.3,1,10,-1,-1,1,1,"WagersEtAl09E3RNplu","EN","SPR","RT",NA,"num","pro","subj","agreement","plural","subj_OR_topic",2.0268,1.46,5.1872,1
2,0.2,-1.5,1.5,0.25,0,0.7,1.3,1,10,-1,-0.5,1,1,"LagoEtAl15E3a","SP","SPR","RT",NA,"num","pro","subj","agreement","sing","subj_OR_topic",6.7157,6.2656,7.1658,1
1,0.2,-1.5,1.5,0.25,0,1.3,0.7,1,10,-1,-3,1,1,"PearlmutterEtAl99E1","EN","SPR","RT",NA,"num","retro","pp","agreement","sing","other",13.74125,36.2252,18.7398,-1
1,0.2,-1.5,1.5,0.25,0,1.3,0.7,1,10,-1,-3,1,1,"PearlmutterEtAl99E2","EN","ET","FPRT",NA,"num","retro","pp","agreement","sing","other",11.79105,37.6274,4.7684,-1
1,0.2,-1.5,1.5,0.25,0,1.3,0.7,1,10,-1,-3,1,1,"PearlmutterEtAl99E3sing","EN","SPR","RT",NA,"num","retro","pp","agreement","sing","other",19.1491,38.2982,NA,1
7,0.2,-1.5,1.5,0.25,0,1.3,0.7,1,10,-1,0,1,1,"PearlmutterEtAl99E3plu","EN","SPR","RT",NA,"num","retro","pp","agreement","plural","other",4.2024,4.2024,NA,1
7,0.2,-1.5,1.5,0.25,0,1.3,0.7,1,10,-1,0,1,1,"TuckerEtAl2015","AR","SPR","RT",NA,"num","retro","obj","agreement","sing","other",11.03475,35.1066,4.5162,1
7,0.2,-1.5,1.5,0.25,0,1.3,0.7,1,10,-1,0,1,1,"WagersEtAl09E4pp","EN","SPR","RT",NA,"num","retro","pp","agreement","sing","other",15.09425,45.5554,7.4108,1
7,0.2,-1.5,1.5,0.25,0,0.7,1.3,1,10,-1,0,1,1,"FranckEtAl15E1RC","FR","SPR","RT",NA,"num","pro","obj","agreement","sing","other",71.2762,71.2762,NA,1
1,0.2,-1.5,1.5,0.25,0,1.3,0.7,1,10,-1,-1,1,1,"VanDyke07E1LoSem","EN","SPR","RT",NA,"subj","retro","pp_subj","nonagreement","sing","subj_OR_topic",0.611599999999999,0.611599999999999,NA,1
4,0.2,-1.5,1.5,0.25,0,1.3,0.7,1,10,-1,0.5,1,1,"VanDyke07E2LoSem","EN","ET","FPRT",NA,"subj","retro","pp_subj","nonagreement","sing","subj_OR_topic",6.4532,6.4532,NA,1
2,0.2,-1.5,1.5,0.25,0,1.3,0.7,1,10,-1,-0.5,1,1,"VanDyke07E3LoSem","EN","ET","FPRT",NA,"subj","retro","pp_subj","nonagreement","sing","subj_OR_topic",0.705200000000001,0.705200000000001,NA,1
4,0.2,-1.5,1.5,0.25,0,1.3,0.7,1,10,-1,0.5,1,1,"VanDykeEtal03E4","EN","SPR","RT",NA,"subj","retro","pp_subj","nonagreement","sing","subj_OR_topic",25.3882,25.3882,NA,1
4,0.2,-1.5,1.5,0.25,0,0.7,1.3,1,10,-1,-1.5,1,1,"VanDykeEtAl11E2bpro","EN","ET","FPRT",NA,"subj","pro","obj","nonagreement","sing","other",1.2316,1.2316,NA,1
1,0.2,-1.5,1.5,0.25,0,1.3,0.7,1,10,-1,-3,1,1,"VanDykeEtAl11E2bretro","EN","ET","FPRT",NA,"subj","retro","obj","nonagreement","sing","other",4.4593,8.9186,NA,1
4,0.2,-1.5,1.5,0.25,0,1.3,0.7,1,10,-1,-1.5,1,1,"VanDyke07E3LoSyn","EN","ET","FPRT",NA,"subj","retro","pp","nonagreement","sing","other",1.261,1.261,NA,1
7,0.2,-1.5,1.5,0.25,0,1.3,0.7,1,10,-1,0,1,1,"VanDyke07E1LoSyn","EN","SPR","RT",NA,"subj","retro","pp","nonagreement","sing","other",25.5644,25.5644,NA,1
7,0.2,-1.5,1.5,0.25,0,1.3,0.7,1,10,-1,0,1,1,"VanDykeE2LoSyn","EN","ET","FPRT",NA,"subj","retro","pp","nonagreement","sing","other",16.0662,16.0662,NA,1
5,0.2,-1.5,1.5,0.25,0,0.7,1.3,1,10,-1,-1,1,3,"VanDykeEtAl06","EN","SPR","RT",NA,"sem","pro","memory_3x","nonagreement","sing","other",6.889,6.889,NA,1
5,0.2,-1.5,1.5,0.25,0,0.7,1.3,1,10,-1,1,1,1,"VanDykeEtAl11E1bpro","EN","ET","FPRT",NA,"subj","pro","subj","nonagreement","sing","subj_OR_topic",5.0166,5.0166,NA,1
1,0.2,-1.5,1.5,0.25,0,0.7,1.3,1,10,-1,-1,1,1,"VanDykeEtAl11E1bretro","EN","ET","FPRT",NA,"subj","pro","subj","nonagreement","sing","subj_OR_topic",7.075,14.15,NA,1
7,0.2,-1.5,1.5,0.25,0,1.3,0.7,1,10,-1,0,1,1,"WagersEtAl09E5","EN","SPR","RT",NA,"num","retro","pp","agreement","sing","other",25.16035,34.963,32.8392,1
1,0.2,-1.5,1.5,0.25,0,1.3,0.7,1,10,-1,-3,1,1,"WagersEtAl09E6","EN","SPR","RT",NA,"num","retro","pp","agreement","sing","other",1.1773,2.3546,NA,1
